{
  "accuracy": 0.88256,
  "precision": 0.8814005423512522,
  "recall": 0.88408,
  "f1": 0.8827382378784248
}