{
  "accuracy": 0.88868,
  "precision": 0.8843445929910608,
  "recall": 0.89432,
  "f1": 0.8893043236148125,
  "roc_auc": 0.9561611648000001,
  "brier": 0.0886200428507685
}